Strategy,Fold,Accuracy,ROC_AUC,Precision,Recall,F1
Unbalanced,1,0.8219895287958116,0.7630252100840337,0.7741935483870968,0.47058823529411764,0.5853658536585366
Unbalanced,2,0.774869109947644,0.730672268907563,0.6333333333333333,0.37254901960784315,0.4691358024691358
Unbalanced,3,0.8324607329842932,0.761764705882353,0.7878787878787878,0.5098039215686274,0.6190476190476191
Unbalanced,4,0.8324607329842932,0.8306722689075631,0.88,0.43137254901960786,0.5789473684210527
Unbalanced,5,0.7684210526315789,0.7455714285714287,0.59375,0.38,0.4634146341463415
Balanced,1,0.7486910994764397,0.7896358543417368,0.5205479452054794,0.7450980392156863,0.6129032258064516
Balanced,2,0.6963350785340314,0.7257703081232493,0.4492753623188406,0.6078431372549019,0.5166666666666667
Balanced,3,0.7539267015706806,0.765546218487395,0.53125,0.6666666666666666,0.591304347826087
Balanced,4,0.7486910994764397,0.827170868347339,0.5211267605633803,0.7254901960784313,0.6065573770491803
Balanced,5,0.7157894736842105,0.74,0.46875,0.6,0.5263157894736842
